Rank,Title,Genre,Description,Director,Actors,Year,Runtime (Minutes),Rating,Votes,Revenue (Millions),Metascore
786,Captain Phillips,"Biography,Drama,Thriller","The true story of Captain Richard Phillips and the 2009 hijacking by Somali pirates of the U.S.-flagged MV Maersk Alabama, the first American cargo ship to be hijacked in two hundred years.",Paul Greengrass,"Tom Hanks, Barkhad Abdi, Barkhad Abdirahman,Catherine Keener",2013,134,7.8,346154,107.1,83
787,The Secret Scripture,Drama,A woman keeps a diary of her extended stay at a mental hospital.,Jim Sheridan,"Rooney Mara, Eric Bana, Theo James, Aidan Turner",2016,108,6.8,378,,37
788,Max Steel,"Action,Adventure,Family","The adventures of teenager Max McGrath and his alien companion, Steel, who must harness and combine their tremendous new powers to evolve into the turbo-charged superhero Max Steel.",Stewart Hendler,"Ben Winchell, Josh Brener, Maria Bello, Andy Garcia",2016,92,4.6,11555,3.77,22
789,Hotel Transylvania 2,"Animation,Comedy,Family","Dracula and his friends try to bring out the monster in his half human, half vampire grandson in order to keep Mavis from leaving the hotel.",Genndy Tartakovsky,"Adam Sandler, Andy Samberg, Selena Gomez, Kevin James",2015,89,6.7,69157,169.69,44
790,Hancock,"Action,Crime,Drama",Hancock is a superhero whose ill considered behavior regularly causes damage in the millions. He changes when the person he saves helps him improve his public image.,Peter Berg,"Will Smith, Charlize Theron, Jason Bateman, Jae Head",2008,92,6.4,366138,227.95,49
791,Sisters,Comedy,Two sisters decide to throw one last house party before their parents sell their family home.,Jason Moore,"Amy Poehler, Tina Fey, Maya Rudolph, Ike Barinholtz",2015,118,6,50241,87.03,58
792,The Family,"Comedy,Crime,Thriller","The Manzoni family, a notorious mafia clan, is relocated to Normandy, France under the witness protection program, where fitting in soon becomes challenging as their old habits die hard.",Luc Besson,"Robert De Niro, Michelle Pfeiffer, Dianna Agron, John D'Leo",2013,111,6.3,92868,36.92,42
793,Zack and Miri Make a Porno,"Comedy,Romance","Lifelong platonic friends Zack and Miri look to solve their respective cash-flow problems by making an adult film together. As the cameras roll, however, the duo begin to sense that they may have more feelings for each other than they previously thought.",Kevin Smith,"Seth Rogen, Elizabeth Banks, Craig Robinson, Gerry Bednob",2008,101,6.6,154936,31.45,56
794,Ma vie de Courgette,"Animation,Comedy,Drama","After losing his mother, a young boy is sent to a foster home with other orphans his age where he begins to learn the meaning of trust and true love.",Claude Barras,"Gaspard Schlatter, Sixtine Murat, Paulin Jaccoud,Michel Vuillermoz",2016,66,,4370,0.29,85
795,Man on a Ledge,"Action,Crime,Thriller","As a police psychologist works to talk down an ex-con who is threatening to jump from a Manhattan hotel rooftop, the biggest diamond heist ever committed is in motion.",Asger Leth,"Sam Worthington, Elizabeth Banks, Jamie Bell, Mandy Gonzalez",2012,102,6.6,129252,18.6,40
796,No Strings Attached,"Comedy,Romance","A guy and girl try to keep their relationship strictly physical, but it's not long before they learn that they want something more.",Ivan Reitman,"Natalie Portman, Ashton Kutcher, Kevin Kline, Cary Elwes",2011,108,6.2,178243,70.63,50
797,Rescue Dawn,"Adventure,Biography,Drama",A U.S. fighter pilot's epic struggle of survival after being shot down on a mission over Laos during the Vietnam War.,Werner Herzog,"Christian Bale, Steve Zahn, Jeremy Davies, Zach Grenier",2006,120,7.3,87887,5.48,77
798,Despicable Me 2,"Animation,Adventure,Comedy","When Gru, the world's most super-bad turned super-dad has been recruited by a team of officials to stop lethal muscle and a host of Gru's own, He has to fight back with new gadgetry, cars, and more minion madness.",Pierre Coffin,"Steve Carell, Kristen Wiig, Benjamin Bratt, Miranda Cosgrove",2013,98,7.4,304837,368.05,62
799,A Walk Among the Tombstones,"Crime,Drama,Mystery",Private investigator Matthew Scudder is hired by a drug kingpin to find out who kidnapped and murdered his wife.,Scott Frank,"Liam Neeson, Dan Stevens, David Harbour, Boyd Holbrook",2014,114,6.5,93883,25.98,57
800,The World's End,"Action,Comedy,Sci-Fi",Five friends who reunite in an attempt to top their epic pub crawl from twenty years earlier unwittingly become humanity's only hope for survival.,Edgar Wright,"Simon Pegg, Nick Frost, Martin Freeman, Rosamund Pike",2013,109,7,199813,26,81
801,Yoga Hosers,"Comedy,Fantasy,Horror",Two teenage yoga enthusiasts team up with a legendary man-hunter to battle with an ancient evil presence that is threatening their major party plans.,Kevin Smith,"Lily-Rose Depp, Harley Quinn Smith, Johnny Depp,Adam Brody",2016,88,4.3,7091,,23
802,Seven Psychopaths,"Comedy,Crime",A struggling screenwriter inadvertently becomes entangled in the Los Angeles criminal underworld after his oddball friends kidnap a gangster's beloved Shih Tzu.,Martin McDonagh,"Colin Farrell, Woody Harrelson, Sam Rockwell,Christopher Walken",2012,110,7.2,196652,14.99,66
803,Beowulf,"Animation,Action,Adventure","The warrior Beowulf must fight and defeat the monster Grendel who is terrorizing Denmark, and later, Grendel's mother, who begins killing out of revenge.",Robert Zemeckis,"Ray Winstone, Crispin Glover, Angelina Jolie,Robin Wright",2007,115,6.2,146566,82.16,59
804,Jack Ryan: Shadow Recruit,"Action,Drama,Thriller","Jack Ryan, as a young covert CIA analyst, uncovers a Russian plot to crash the U.S. economy with a terrorist attack.",Kenneth Branagh,"Chris Pine, Kevin Costner, Keira Knightley,Kenneth Branagh",2014,105,6.2,103681,50.55,57
805,1408,"Fantasy,Horror","A man who specializes in debunking paranormal occurrences checks into the fabled room 1408 in the Dolphin Hotel. Soon after settling in, he confronts genuine terror.",Mikael H√•fstr√∂m,"John Cusack, Samuel L. Jackson, Mary McCormack, Paul Birchard",2007,104,6.8,221073,71.98,64
806,The Gambler,"Crime,Drama,Thriller",Lit professor and gambler Jim Bennett's debt causes him to borrow money from his mother and a loan shark. Further complicating his situation is his relationship with one of his students. Will Bennett risk his life for a second chance?,Rupert Wyatt,"Mark Wahlberg, Jessica Lange, John Goodman, Brie Larson",2014,111,6,52537,33.63,55
807,Prince of Persia: The Sands of Time,"Action,Adventure,Fantasy",A young fugitive prince and princess must stop a villain who unknowingly threatens to destroy the world with a special dagger that enables the magic sand inside to reverse time.,Mike Newell,"Jake Gyllenhaal, Gemma Arterton, Ben Kingsley,Alfred Molina",2010,116,6.6,233148,90.76,50
808,The Spectacular Now,"Comedy,Drama,Romance","A hard-partying high school senior's philosophy on life changes when he meets the not-so-typical ""nice girl.""",James Ponsoldt,"Miles Teller, Shailene Woodley, Kyle Chandler,Jennifer Jason Leigh",2013,95,7.1,115751,6.85,82
809,A United Kingdom,"Biography,Drama,Romance","The story of King Seretse Khama of Botswana and how his loving but controversial marriage to a British white woman, Ruth Williams, put his kingdom into political and diplomatic turmoil.",Amma Asante,"David Oyelowo, Rosamund Pike, Tom Felton, Jack Davenport",2016,111,6.8,4771,3.9,65
810,USS Indianapolis: Men of Courage,"Action,Drama,History","During World War II, an American navy ship is sunk by a Japanese submarine leaving 300 crewmen stranded in shark infested waters.",Mario Van Peebles,"Nicolas Cage, Tom Sizemore, Thomas Jane,Matt Lanter",2016,128,5.2,4964,,30
811,Turbo Kid,"Action,Adventure,Comedy","In a post-apocalyptic wasteland in 1997, a comic book fan adopts the persona of his favourite hero to save his enthusiastic friend and fight a tyrannical overlord.",Fran√ßois Simard,"Munro Chambers, Laurence Leboeuf, Michael Ironside, Edwin Wright",2015,93,6.7,19309,0.05,60
812,Mama,"Horror,Thriller",A young couple take in their two nieces only to suspect that a foreboding evil has latched itself to their family.,Andr√©s Muschietti,"Jessica Chastain, Nikolaj Coster-Waldau, Megan Charpentier, Isabelle N√©lisse",2013,100,6.2,142560,71.59,57
813,Orphan,"Horror,Mystery,Thriller",A husband and wife who recently lost their baby adopt a nine year-old girl who is not nearly as innocent as she claims to be.,Jaume Collet-Serra,"Vera Farmiga, Peter Sarsgaard, Isabelle Fuhrman, CCH Pounder",2009,123,7,153448,41.57,42
814,To Rome with Love,"Comedy,Romance","The lives of some visitors and residents of Rome and the romances, adventures and predicaments they get into.",Woody Allen,"Woody Allen, Pen√©lope Cruz, Jesse Eisenberg, Ellen Page",2012,112,6.3,72050,16.68,54
815,Fantastic Mr. Fox,"Animation,Adventure,Comedy",An urbane fox cannot resist returning to his farm raiding ways and then must help his community survive the farmers' retaliation.,Wes Anderson,"George Clooney, Meryl Streep, Bill Murray, Jason Schwartzman",2009,87,7.8,149779,21,83
816,Inside Man,"Crime,Drama,Mystery","A police detective, a bank robber, and a high-power broker enter high-stakes negotiations after the criminal's brilliant heist spirals into a hostage situation.",Spike Lee,"Denzel Washington, Clive Owen, Jodie Foster,Christopher Plummer",2006,129,7.6,285441,88.5,76
817,I.T.,"Crime,Drama,Mystery","A self-proclaimed millionaire, has his life turned upside down after firing his I.T. consultant.",John Moore,"Pierce Brosnan, Jason Barry, Karen Moskow, Kai Ryssdal",2016,95,5.4,8755,,27
818,127 Hours,"Adventure,Biography,Drama","An adventurous mountain climber becomes trapped under a boulder while canyoneering alone near Moab, Utah and resorts to desperate measures in order to survive.",Danny Boyle,"James Franco, Amber Tamblyn, Kate Mara, Sean Bott",2010,94,7.6,294010,18.33,82
819,Annabelle,"Horror,Mystery,Thriller",A couple begins to experience terrifying supernatural occurrences involving a vintage doll shortly after their home is invaded by satanic cultists.,John R. Leonetti,"Ward Horton, Annabelle Wallis, Alfre Woodard,Tony Amendola",2014,99,5.4,91106,84.26,37
820,Wolves at the Door,"Horror,Thriller","Four friends gather at an elegant home during the Summer of Love, 1969. Unbeknownst to them, deadly visitors are waiting outside. What begins as a simple farewell party turns to a night of ... See full summary ¬ª",John R. Leonetti,"Katie Cassidy, Elizabeth Henstridge, Adam Campbell, Miles Fisher",2016,73,4.6,564,,63
821,Suite Fran√ßaise,"Drama,Romance,War","During the early years of Nazi occupation of France in World War II, romance blooms between Lucile Angellier (Michelle Williams), a French villager, and Bruno von Falk (Matthias Schoenaerts), a German soldier.",Saul Dibb,"Michelle Williams, Kristin Scott Thomas, Margot Robbie,Eric Godon",2014,107,6.9,13711,,
822,The Imaginarium of Doctor Parnassus,"Adventure,Fantasy,Mystery",A traveling theater company gives its audience much more than they were expecting.,Terry Gilliam,"Christopher Plummer, Lily Cole, Heath Ledger,Andrew Garfield",2009,123,6.8,130153,7.69,65
823,G.I. Joe: The Rise of Cobra,"Action,Adventure,Sci-Fi","An elite military unit comprised of special operatives known as G.I. Joe, operating out of The Pit, takes on an evil organization led by a notorious arms dealer.",Stephen Sommers,"Dennis Quaid, Channing Tatum, Marlon Wayans,Adewale Akinnuoye-Agbaje",2009,118,5.8,180105,150.17,32
824,Christine,"Biography,Drama","The story of Christine Chubbuck, a 1970s TV reporter struggling with depression and professional frustrations as she tries to advance her career.",Antonio Campos,"Rebecca Hall, Michael C. Hall, Tracy Letts, Maria Dizzia",2016,119,7,5855,0.3,72
825,Man Down,"Drama,Thriller","In a post-apocalyptic America, former U.S. Marine Gabriel Drummer searches desperately for the whereabouts of his son, accompanied by his best friend and a survivor.",Dito Montiel,"Shia LaBeouf, Jai Courtney, Gary Oldman, Kate Mara",2015,90,5.8,4779,,27
826,Crawlspace,"Horror,Thriller",A thriller centered around a widower who moves into a seemingly perfect new home with his daughter and new wife.,Phil Claydon,"Michael Vartan, Erin Moriarty, Nadine Velazquez,Ronnie Gene Blevins",2016,88,5.3,1427,,25
827,Shut In,"Drama,Horror,Thriller","A heart-pounding thriller about a widowed child psychologist who lives in an isolated existence in rural New England. Caught in a deadly winter storm, she must find a way to rescue a young boy before he disappears forever.",Farren Blackburn,"Naomi Watts, Charlie Heaton, Jacob Tremblay,Oliver Platt",2016,91,4.6,5715,6.88,
828,The Warriors Gate,"Action,Adventure,Fantasy",A teenager is magically transported to China and learns to convert his video game skills into those of a Kung Fu warrior.,Matthias Hoene,"Mark Chao, Ni Ni, Dave Bautista, Sienna Guillory",2016,108,5.3,1391,,77
829,Grindhouse,"Action,Horror,Thriller",Quentin Tarantino and Robert Rodriguez's homage to exploitation double features in the 60s and 70s with two back-to-back cult films that include previews of coming attractions between them.,Robert Rodriguez,"Kurt Russell, Rose McGowan, Danny Trejo, Zo√´ Bell",2007,191,7.6,160350,25.03,
830,Disaster Movie,Comedy,"Over the course of one evening, an unsuspecting group of twenty-somethings find themselves bombarded by a series of natural disasters and catastrophic events.",Jason Friedberg,"Carmen Electra, Vanessa Lachey,Nicole Parker, Matt Lanter",2008,87,1.9,77207,14.17,15
831,Rocky Balboa,"Drama,Sport","Thirty years after the ring of the first bell, Rocky Balboa comes out of retirement and dons his gloves for his final fight; against the reigning heavyweight champ Mason 'The Line' Dixon.",Sylvester Stallone,"Sylvester Stallone, Antonio Tarver, Milo Ventimiglia, Burt Young",2006,102,7.2,171356,70.27,63
832,Diary of a Wimpy Kid: Dog Days,"Comedy,Family","School's out. Summer vacation is on. However, Greg may not have the best summer vacation ever. What could go wrong?",David Bowers,"Zachary Gordon, Robert Capron, Devon Bostick,Steve Zahn",2012,94,6.4,16917,49,54
833,Jane Eyre,"Drama,Romance",A mousy governess who softens the heart of her employer soon discovers that he's hiding a terrible secret.,Cary Joji Fukunaga,"Mia Wasikowska, Michael Fassbender, Jamie Bell, Su Elliot",2011,120,7.4,67464,11.23,76
834,Fool's Gold,"Action,Adventure,Comedy",A new clue to the whereabouts of a lost treasure rekindles a married couple's sense of adventure -- and their estranged romance.,Andy Tennant,"Matthew McConaughey, Kate Hudson, Donald Sutherland, Alexis Dziena",2008,112,5.7,62719,70.22,29
835,The Dictator,Comedy,The heroic story of a dictator who risked his life to ensure that democracy would never come to the country he so lovingly oppressed.,Larry Charles,"Sacha Baron Cohen, Anna Faris, John C. Reilly, Ben Kingsley",2012,83,6.4,225394,59.62,58
836,The Loft,"Mystery,Romance,Thriller","Five married guys conspire to secretly share a penthouse loft in the city--a place where they can carry out hidden affairs and indulge in their deepest fantasies. But the fantasy becomes a nightmare when they discover the dead body of an unknown woman in the loft, and they realize one of the group must be involved.",Erik Van Looy,"Karl Urban, James Marsden, Wentworth Miller, Eric Stonestreet",2014,108,6.3,38804,5.98,24
837,Bacalaureat,"Crime,Drama",A film about compromises and the implications of the parent's role.,Cristian Mungiu,"Adrian Titieni, Maria-Victoria Dragus, Lia Bugnar,Malina Manovici",2016,128,7.5,5531,0.13,84
838,You Don't Mess with the Zohan,"Action,Comedy",An Israeli Special Forces Soldier fakes his death so he can re-emerge in New York City as a hair stylist.,Dennis Dugan,"Adam Sandler, John Turturro, Emmanuelle Chriqui,Nick Swardson",2008,113,5.5,163144,100.02,54
839,Exposed,"Crime,Drama,Mystery",A police detective investigates the truth behind his partner's death. The mysterious case reveals disturbing police corruption and a dangerous secret involving an unlikely young woman.,Gee Malik Linton,"Ana de Armas, Keanu Reeves, Christopher McDonald, Mira Sorvino",2016,102,4.2,8409,,23
840,Maudie,"Biography,Drama,Romance",An arthritic Nova Scotia woman works as a housekeeper while she hones her skills as an artist and eventually becomes a beloved figure in the community.,Aisling Walsh,"Ethan Hawke, Sally Hawkins, Kari Matchett, Zachary Bennett",2016,115,7.8,346,,60
841,Horrible Bosses 2,"Comedy,Crime","Dale, Kurt and Nick decide to start their own business but things don't go as planned because of a slick investor, prompting the trio to pull off a harebrained and misguided kidnapping scheme.",Sean Anders,"Jason Bateman, Jason Sudeikis, Charlie Day, Jennifer Aniston",2014,108,6.3,125190,54.41,40
842,A Bigger Splash,"Drama,Thriller",The vacation of a famous rock star and a filmmaker in Italy is disrupted by the unexpected visit of an old friend and his daughter.,Luca Guadagnino,"Tilda Swinton, Matthias Schoenaerts, Ralph Fiennes, Dakota Johnson",2015,125,6.4,15232,1.98,74
843,Melancholia,Drama,Two sisters find their already strained relationship challenged as a mysterious new planet threatens to collide with Earth.,Lars von Trier,"Kirsten Dunst, Charlotte Gainsbourg, Kiefer Sutherland, Alexander Skarsg√•rd",2011,135,7.1,137117,3.03,80
844,The Princess and the Frog,"Animation,Adventure,Comedy","A waitress, desperate to fulfill her dreams as a restaurant owner, is set on a journey to turn a frog prince back into a human being, but she has to face the same problem after she kisses him.",Ron Clements,"Anika Noni Rose, Keith David, Oprah Winfrey, Bruno Campos",2009,97,7.1,95480,104.37,73
845,Unstoppable,"Action,Thriller","With an unmanned, half-mile-long freight train barreling toward a city, a veteran engineer and a young conductor race against the clock to prevent a catastrophe.",Tony Scott,"Denzel Washington, Chris Pine, Rosario Dawson, Ethan Suplee",2010,98,6.8,157499,81.56,69
846,Flight,"Drama,Thriller","An airline pilot saves almost all his passengers on his malfunctioning airliner which eventually crashed, but an investigation into the accident reveals something troubling.",Robert Zemeckis,"Denzel Washington, Nadine Velazquez, Don Cheadle, John Goodman",2012,138,7.3,276347,93.75,76
847,Home,"Animation,Adventure,Comedy","An alien on the run from his own people makes friends with a girl. He tries to help her on her quest, but can be an interference.",Tim Johnson,"Jim Parsons, Rihanna, Steve Martin, Jennifer Lopez",2015,94,6.7,77447,177.34,55
848,La migliore offerta,"Crime,Drama,Mystery","In the world of high-end art auctions and antiques, Virgil Oldman is an elderly and esteemed but eccentric genius art-expert, known and appreciated by the world. Oldman is hired by a ... See full summary ¬ª",Giuseppe Tornatore,"Geoffrey Rush, Jim Sturgess, Sylvia Hoeks,Donald Sutherland",2013,131,7.8,77986,0.09,49
849,Mean Dreams,Thriller,"Follows Casey and Jonas, two teenagers desperate to escape their broken and abusive homes and examines the desperation of life on the run and the beauty of first love.",Nathan Morlando,"Sophie N√©lisse, Josh Wiggins, Joe Cobden, Bill Paxton",2016,108,6.3,1066,,64
850,42,"Biography,Drama,Sport",This movie is about Jackie Robinson and his journey to becoming a Brooklyn Dodger and his life during that time.,Brian Helgeland,"Chadwick Boseman, T.R. Knight, Harrison Ford,Nicole Beharie",2013,128,7.5,69659,95,62
851,21,"Crime,Drama,Thriller","""21"" is the fact-based story about six MIT students who were trained to become experts in card counting and subsequently took Vegas casinos for millions in winnings.",Robert Luketic,"Jim Sturgess, Kate Bosworth, Kevin Spacey, Aaron Yoo",2008,123,6.8,198395,81.16,48
852,Begin Again,"Drama,Music",A chance encounter between a disgraced music-business executive and a young singer-songwriter new to Manhattan turns into a promising collaboration between the two talents.,John Carney,"Keira Knightley, Mark Ruffalo, Adam Levine, Hailee Steinfeld",2013,104,7.4,111875,16.17,62
853,Out of the Furnace,"Crime,Drama,Thriller","When Rodney Baze mysteriously disappears and law enforcement doesn't follow through fast enough, his older brother, Russell, takes matters into his own hands to find justice.",Scott Cooper,"Christian Bale, Casey Affleck, Zoe Saldana, Woody Harrelson",2013,116,6.8,88829,11.33,63
854,Vicky Cristina Barcelona,"Drama,Romance","Two girlfriends on a summer holiday in Spain become enamored with the same painter, unaware that his ex-wife, with whom he has a tempestuous relationship, is about to re-enter the picture.",Woody Allen,"Rebecca Hall, Scarlett Johansson, Javier Bardem,Christopher Evan Welch",2008,96,7.1,208770,23.21,70
855,Kung Fu Panda,"Animation,Action,Adventure","The Dragon Warrior has to clash against the savage Tai Lung as China's fate hangs in the balance: However, the Dragon Warrior mantle is supposedly mistaken to be bestowed upon an obese panda who is a tyro in martial arts.",Mark Osborne,"Jack Black, Ian McShane,Angelina Jolie, Dustin Hoffman",2008,92,7.6,329788,215.4,73
856,Barbershop: The Next Cut,"Comedy,Drama","As their surrounding community has taken a turn for the worse, the crew at Calvin's Barbershop come together to bring some much needed change to their neighborhood.",Malcolm D. Lee,"Ice Cube, Regina Hall, Anthony Anderson, Eve",2016,111,5.9,9993,54.01,67
857,Terminator Salvation,"Action,Adventure,Drama","In 2018, a mysterious new weapon in the war against the machines, half-human and half-machine, comes to John Connor on the eve of a resistance attack on Skynet. But whose side is he on, and can he be trusted?",McG,"Christian Bale, Sam Worthington, Anton Yelchin, Moon Bloodgood",2009,115,6.6,297093,125.32,49
858,Freedom Writers,"Biography,Crime,Drama","A young teacher inspires her class of at-risk students to learn tolerance, apply themselves, and pursue education beyond high school.",Richard LaGravenese,"Hilary Swank, Imelda Staunton, Patrick Dempsey, Scott Glenn",2007,123,7.5,55648,36.58,64
859,The Hills Have Eyes,Horror,"A suburban American family is being stalked by a group of psychotic people who live in the desert, far away from civilization.",Alexandre Aja,"Ted Levine, Kathleen Quinlan, Dan Byrd, Emilie de Ravin",2006,107,6.4,136642,41.78,52
860,Changeling,"Biography,Drama,Mystery","A grief-stricken mother takes on the LAPD to her own detriment when it stubbornly tries to pass off an obvious impostor as her missing child, while also refusing to give up hope that she will find him one day.",Clint Eastwood,"Angelina Jolie, Colm Feore, Amy Ryan, Gattlin Griffith",2008,141,7.8,206793,35.71,63
861,Remember Me,"Drama,Romance","A romantic drama centered on two new lovers: Tyler, whose parents have split in the wake of his brother's suicide, and Ally, who lives each day to the fullest since witnessing her mother's murder.",Allen Coulter,"Robert Pattinson, Emilie de Ravin, Caitlyn Rund,Mois√©s Acevedo",2010,113,7.2,119376,19.06,40
862,Koe no katachi,"Animation,Drama,Romance","The story revolves around Nishimiya Shoko, a grade school student who has impaired hearing. She transfers into a new school, where she is bullied by her classmates, especially Ishida Shouya... See full summary ¬ª",Naoko Yamada,"Miyu Irino, Saori Hayami, Aoi Yuki, Kensh√¥ Ono",2016,129,8.4,2421,,80
863,"Alexander and the Terrible, Horrible, No Good, Very Bad Day","Comedy,Family","Alexander's day begins with gum stuck in his hair, followed by more calamities. However, he finds little sympathy from his family and begins to wonder if bad things only happen to him, his mom, dad, brother and sister - who all find themselves living through their own terrible, horrible, no good, very bad day.",Miguel Arteta,"Steve Carell, Jennifer Garner, Ed Oxenbould, Dylan Minnette",2014,81,6.2,32310,66.95,54
864,Locke,Drama,"Ivan Locke, a dedicated family man and successful construction manager, receives a phone call on the eve of the biggest challenge of his career that sets in motion a series of events that threaten his carefully cultivated existence.",Steven Knight,"Tom Hardy, Olivia Colman, Ruth Wilson, Andrew Scott",2013,85,7.1,100890,1.36,81
865,The 9th Life of Louis Drax,"Mystery,Thriller",A psychologist who begins working with a young boy who has suffered a near-fatal fall finds himself drawn into a mystery that tests the boundaries of fantasy and reality.,Alexandre Aja,"Jamie Dornan, Aiden Longworth, Sarah Gadon,Aaron Paul",2016,108,6.3,6175,,41
866,Horns,"Drama,Fantasy,Horror","In the aftermath of his girlfriend's mysterious death, a young man awakens to find strange horns sprouting from his temples.",Alexandre Aja,"Daniel Radcliffe, Juno Temple, Max Minghella, Joe Anderson",2013,120,6.5,61060,0.16,46
867,Indignation,"Drama,Romance","In 1951, Marcus, a working-class Jewish student from New Jersey, attends a small Ohio college, where he struggles with sexual repression and cultural disaffection, amid the ongoing Korean War.",James Schamus,"Logan Lerman, Sarah Gadon, Tijuana Ricks, Sue Dahlman",2016,110,6.9,7402,3.4,78
868,The Stanford Prison Experiment,"Biography,Drama,History",Twenty-four male students out of seventy-five were selected to take on randomly assigned roles of prisoners and guards in a mock prison situated in the basement of the Stanford psychology building.,Kyle Patrick Alvarez,"Ezra Miller, Tye Sheridan, Billy Crudup, Olivia Thirlby",2015,122,6.9,20907,0.64,67
869,Diary of a Wimpy Kid: Rodrick Rules,"Comedy,Family","Back in middle school after summer vacation, Greg Heffley and his older brother Rodrick must deal with their parents' misguided attempts to have them bond.",David Bowers,"Zachary Gordon, Devon Bostick, Robert Capron,Rachael Harris",2011,99,6.6,20194,52.69,51
870,Mission: Impossible III,"Action,Adventure,Thriller",Agent Ethan Hunt comes into conflict with a dangerous and sadistic arms dealer who threatens his life and his fiance√© in response .,J.J. Abrams,"Tom Cruise, Michelle Monaghan, Ving Rhames, Philip Seymour Hoffman",2006,126,6.9,270429,133.38,66
871,En man som heter Ove,"Comedy,Drama","Ove, an ill-tempered, isolated retiree who spends his days enforcing block association rules and visiting his wife's grave, has finally given up on life just as an unlikely friendship develops with his boisterous new neighbors.",Hannes Holm,"Rolf Lassg√•rd, Bahar Pars, Filip Berg, Ida Engvoll",2015,116,7.7,21569,3.36,70
872,Dragonball Evolution,"Action,Adventure,Fantasy","The young warrior Son Goku sets out on a quest, racing against time and the vengeful King Piccolo, to collect a set of seven magical orbs that will grant their wielder unlimited power.",James Wong,"Justin Chatwin, James Marsters, Yun-Fat Chow, Emmy Rossum",2009,85,2.7,59512,9.35,45
873,Red Dawn,"Action,Thriller",A group of teenagers look to save their town from an invasion of North Korean soldiers.,Dan Bradley,"Chris Hemsworth, Isabel Lucas, Josh Hutcherson, Josh Peck",2012,93,5.4,64584,44.8,31
874,One Day,"Drama,Romance","After spending the night together on the night of their college graduation Dexter and Em are shown each year on the same date to see where they are in their lives. They are sometimes together, sometimes not, on that day.",Lone Scherfig,"Anne Hathaway, Jim Sturgess, Patricia Clarkson,Tom Mison",2011,107,7,113599,13.77,48
875,Life as We Know It,"Comedy,Drama,Romance",Two single adults become caregivers to an orphaned girl when their mutual best friends die in an accident.,Greg Berlanti,"Katherine Heigl, Josh Duhamel, Josh Lucas, Alexis Clagett",2010,114,6.6,101301,53.36,39
876,28 Weeks Later,"Drama,Horror,Sci-Fi","Six months after the rage virus was inflicted on the population of Great Britain, the US Army helps to secure a small area of London for the survivors to repopulate and start again. But not everything goes to plan.",Juan Carlos Fresnadillo,"Jeremy Renner, Rose Byrne, Robert Carlyle, Harold Perrineau",2007,100,7,221858,28.64,78
877,Warm Bodies,"Comedy,Horror,Romance","After a highly unusual zombie saves a still-living girl from an attack, the two form a relationship that sets in motion events that might transform the entire lifeless world.",Jonathan Levine,"Nicholas Hoult, Teresa Palmer, John Malkovich,Analeigh Tipton",2013,98,6.9,193579,66.36,59
878,Blue Jasmine,Drama,"A New York socialite, deeply troubled and in denial, arrives in San Francisco to impose upon her sister. She looks a million, but isn't bringing money, peace, or love...",Woody Allen,"Cate Blanchett, Alec Baldwin, Peter Sarsgaard, Sally Hawkins",2013,98,7.3,160592,33.4,78
879,G.I. Joe: Retaliation,"Action,Adventure,Sci-Fi",The G.I. Joes are not only fighting their mortal enemy Cobra; they are forced to contend with threats from within the government that jeopardize their very existence.,Jon M. Chu,"Dwayne Johnson, Channing Tatum, Adrianne Palicki,Byung-hun Lee",2013,110,5.8,152145,122.51,41
880,Wrath of the Titans,"Action,Adventure,Fantasy","Perseus braves the treacherous underworld to rescue his father, Zeus, captured by his son, Ares, and brother Hades who unleash the ancient Titans upon the world.",Jonathan Liebesman,"Sam Worthington, Liam Neeson, Rosamund Pike, Ralph Fiennes",2012,99,5.8,159230,83.64,37
881,Shin Gojira,"Action,Adventure,Drama",Japan is plunged into chaos upon the appearance of a giant monster.,Hideaki Anno,"Hiroki Hasegawa, Yutaka Takenouchi,Satomi Ishihara, Ren √îsugi",2016,120,6.9,8365,1.91,68
882,Saving Mr. Banks,"Biography,Comedy,Drama","Author P.L. Travers reflects on her childhood after reluctantly meeting with Walt Disney, who seeks to adapt her Mary Poppins books for the big screen.",John Lee Hancock,"Emma Thompson, Tom Hanks, Annie Rose Buckley, Colin Farrell",2013,125,7.5,125693,83.3,65
883,Transcendence,"Drama,Mystery,Romance","A scientist's drive for artificial intelligence, takes on dangerous implications when his consciousness is uploaded into one such program.",Wally Pfister,"Johnny Depp, Rebecca Hall, Morgan Freeman, Cillian Murphy",2014,119,6.3,184564,23.01,42
884,Rio,"Animation,Adventure,Comedy","When Blu, a domesticated macaw from small-town Minnesota, meets the fiercely independent Jewel, he takes off on an adventure to Rio de Janeiro with the bird of his dreams.",Carlos Saldanha,"Jesse Eisenberg, Anne Hathaway, George Lopez,Karen Disher",2011,96,6.9,173919,143.62,63
885,Equals,"Drama,Romance,Sci-Fi","In an emotionless utopia, two people fall in love when they regain their feelings from a mysterious disease, causing tensions between them and their society.",Drake Doremus,"Nicholas Hoult, Kristen Stewart, Vernetta Lopez,Scott Lawrence",2015,101,,16361,0.03,43
886,Babel,Drama,"Tragedy strikes a married couple on vacation in the Moroccan desert, touching off an interlocking story involving four different families.",Alejandro Gonz√°lez I√±√°rritu,"Brad Pitt, Cate Blanchett, Gael Garc√≠a Bernal, Mohamed Akhzam",2006,143,7.5,253417,34.3,69
887,The Tree of Life,"Drama,Fantasy","The story of a family in Waco, Texas in 1956. The eldest son witnesses the loss of innocence and struggles with his parents' conflicting teachings.",Terrence Malick,"Brad Pitt, Sean Penn, Jessica Chastain, Hunter McCracken",2011,139,6.8,143517,13.3,85
888,The Lucky One,"Drama,Romance",A Marine travels to Louisiana after serving three tours in Iraq and searches for the unknown woman he believes was his good luck charm during the war.,Scott Hicks,"Zac Efron, Taylor Schilling, Blythe Danner, Riley Thomas Stewart",2012,101,6.5,82874,60.44,39
889,Piranha 3D,"Comedy,Horror,Thriller","After a sudden underwater tremor sets free scores of the prehistoric man-eating fish, an unlikely group of strangers must band together to stop themselves from becoming fish food for the area's new razor-toothed residents.",Alexandre Aja,"Elisabeth Shue, Jerry O'Connell, Richard Dreyfuss,Ving Rhames",2010,88,5.5,75262,25,53
890,50/50,"Comedy,Drama,Romance","Inspired by a true story, a comedy centered on a 27-year-old guy who learns of his cancer diagnosis, and his subsequent struggle to beat the disease.",Jonathan Levine,"Joseph Gordon-Levitt, Seth Rogen, Anna Kendrick, Bryce Dallas Howard",2011,100,7.7,281625,34.96,72
891,The Intent,"Crime,Drama","Gunz (Dylan Duffus) is thrust into a world of excitement when he joins the TIC crew. The crew, led by the ruthless Hoodz (Scorcher), goes from low level weed peddling to full on armed ... See full summary ¬ª",Femi Oyeniran,"Dylan Duffus, Scorcher,Shone Romulus, Jade Asha",2016,104,3.5,202,,59
892,This Is 40,"Comedy,Romance","Pete and Debbie are both about to turn 40, their kids hate each other, both of their businesses are failing, they're on the verge of losing their house, and their relationship is threatening to fall apart.",Judd Apatow,"Paul Rudd, Leslie Mann, Maude Apatow, Iris Apatow",2012,134,6.2,108156,67.52,
893,Real Steel,"Action,Drama,Family","In the near future, robot boxing is a top sport. A struggling promoter feels he's found a champion in a discarded robot.",Shawn Levy,"Hugh Jackman, Evangeline Lilly, Dakota Goyo,Anthony Mackie",2011,127,7.1,264480,85.46,56
894,Sex and the City,"Comedy,Drama,Romance",A New York writer on sex and love is finally getting married to her Mr. Big. But her three best girlfriends must console her after one of them inadvertently leads Mr. Big to jilt her.,Michael Patrick King,"Sarah Jessica Parker, Kim Cattrall, Cynthia Nixon, Kristin Davis",2008,145,5.5,102547,152.64,53
895,Rambo,"Action,Thriller,War","In Thailand, John Rambo joins a group of missionaries to venture into war-torn Burma, and rescue a group of Christian aid workers who were kidnapped by the ruthless local infantry unit.",Sylvester Stallone,"Sylvester Stallone, Julie Benz, Matthew Marsden, Graham McTavish",2008,92,7.1,187077,42.72,46
896,Planet Terror,"Action,Comedy,Horror","After an experimental bio-weapon is released, turning thousands into zombie-like creatures, it's up to a rag-tag group of survivors to stop the infected and those behind its release.",Robert Rodriguez,"Rose McGowan, Freddy Rodr√≠guez, Josh Brolin,Marley Shelton",2007,105,7.1,174553,,55
897,Concussion,"Biography,Drama,Sport","In Pittsburgh, accomplished pathologist Dr. Bennet Omalu uncovers the truth about brain damage in football players who suffer repeated concussions in the course of normal play.",Peter Landesman,"Will Smith, Alec Baldwin, Albert Brooks, David Morse",2015,123,7.1,61274,34.53,
898,The Fall,"Adventure,Comedy,Drama","In a hospital on the outskirts of 1920s Los Angeles, an injured stuntman begins to tell a fellow patient, a little girl with a broken arm, a fantastic story of five mythical heroes. Thanks to his fractured state of mind and her vivid imagination, the line between fiction and reality blurs as the tale advances.",Tarsem Singh,"Lee Pace, Catinca Untaru, Justine Waddell, Kim Uylenbroek",2006,117,7.9,93036,2.28,64
899,The Ugly Truth,"Comedy,Romance",A romantically challenged morning show producer is reluctantly embroiled in a series of outrageous tests by her chauvinistic correspondent to prove his theories on relationships and help ... See full summary ¬ª,Robert Luketic,"Katherine Heigl, Gerard Butler, Bree Turner, Eric Winter",2009,96,6.5,172558,88.92,28
900,Bride Wars,"Comedy,Romance",Two best friends become rivals when they schedule their respective weddings on the same day.,Gary Winick,"Kate Hudson, Anne Hathaway, Candice Bergen, Bryan Greenberg",2009,89,5.5,83976,58.72,24
901,Sleeping with Other People,"Comedy,Drama,Romance","A good-natured womanizer and a serial cheater form a platonic relationship that helps reform them in ways, while a mutual attraction sets in.",Leslye Headland,"Jason Sudeikis, Alison Brie, Jordan Carlos,Margarita Levieva",2015,101,6.5,27730,0.81,64
902,Snakes on a Plane,"Action,Adventure,Crime","An FBI agent takes on a plane full of deadly and venomous snakes, deliberately released to kill a witness being flown from Honolulu to Los Angeles to testify against a mob boss.",David R. Ellis,"Samuel L. Jackson, Julianna Margulies, Nathan Phillips, Rachel Blanchard",2006,105,5.6,118905,34.01,58
903,What If,"Comedy,Romance","Wallace, who is burned out from a string of failed relationships, forms an instant bond with Chantry, who lives with her longtime boyfriend. Together, they puzzle out what it means if your best friend is also the love of your life.",Michael Dowse,"Daniel Radcliffe, Zoe Kazan, Megan Park, Adam Driver",2013,98,6.8,55243,3.45,59
904,How to Train Your Dragon 2,"Animation,Action,Adventure","When Hiccup and Toothless discover an ice cave that is home to hundreds of new wild dragons and the mysterious Dragon Rider, the two friends find themselves at the center of a battle to protect the peace.",Dean DeBlois,"Jay Baruchel, Cate Blanchett, Gerard Butler, Craig Ferguson",2014,102,7.9,237565,177,76
905,RoboCop,"Action,Crime,Sci-Fi","In 2028 Detroit, when Alex Murphy - a loving husband, father and good cop - is critically injured in the line of duty, the multinational conglomerate OmniCorp sees their chance for a part-man, part-robot police officer.",Jos√© Padilha,"Joel Kinnaman, Gary Oldman, Michael Keaton, Abbie Cornish",2014,117,6.2,190833,58.61,52
906,In Dubious Battle,Drama,An activist gets caught up in the labor movement for farm workers in California during the 1930s.,James Franco,"Nat Wolff, James Franco, Vincent D'Onofrio, Selena Gomez",2016,110,6.2,1455,,43
907,"Hello, My Name Is Doris","Comedy,Drama,Romance",A self-help seminar inspires a sixty-something woman to romantically pursue her younger co-worker.,Michael Showalter,"Sally Field, Max Greenfield, Tyne Daly, Wendi McLendon-Covey",2015,95,6.7,12361,14.44,63
908,Ocean's Thirteen,"Crime,Thriller","Danny Ocean rounds up the boys for a third heist, after casino owner Willy Bank double-crosses one of the original eleven, Reuben Tishkoff.",Steven Soderbergh,"George Clooney, Brad Pitt, Matt Damon,Michael Mantell",2007,122,6.9,269581,117.14,62
909,Slither,"Comedy,Horror,Sci-Fi","A small town is taken over by an alien plague, turning residents into zombies and all forms of mutant monsters.",James Gunn,"Nathan Fillion, Elizabeth Banks, Michael Rooker, Don Thompson",2006,95,6.5,64351,7.77,69
910,Contagion,"Drama,Thriller","Healthcare professionals, government officials and everyday people find themselves in the midst of a worldwide epidemic as the CDC works to find a cure.",Steven Soderbergh,"Matt Damon, Kate Winslet, Jude Law, Gwyneth Paltrow",2011,106,6.6,187004,75.64,70
911,Il racconto dei racconti - Tale of Tales,"Drama,Fantasy,Horror","From the bitter quest of the Queen of Longtrellis, to two mysterious sisters who provoke the passion of a king, to the King of Highhills obsessed with a giant Flea, these tales are inspired by the fairytales by Giambattista Basile.",Matteo Garrone,"Salma Hayek, Vincent Cassel, Toby Jones, John C. Reilly",2015,133,6.4,17565,0.08,72
912,I Am the Pretty Thing That Lives in the House,Thriller,A young nurse takes care of elderly author who lives in a haunted house.,Oz Perkins,"Ruth Wilson, Paula Prentiss, Lucy Boynton, Bob Balaban",2016,87,4.7,4204,,68
913,Bridge to Terabithia,"Adventure,Drama,Family",A preteen's life turns upside down when he befriends the new girl in school and they imagine a whole new fantasy world to escape reality.,Gabor Csupo,"Josh Hutcherson, AnnaSophia Robb, Zooey Deschanel, Robert Patrick",2007,96,7.2,117297,82.23,74
914,Coherence,"Mystery,Sci-Fi,Thriller",Strange things begin to happen when a group of friends gather for a dinner party on an evening when a comet is passing overhead.,James Ward Byrkit,"Emily Baldoni, Maury Sterling, Nicholas Brendon, Elizabeth Gracen",2013,89,7.2,66265,0.07,65
915,Notorious,"Biography,Crime,Drama","The life and death story of Notorious B.I.G. (a.k.a. Christopher Wallace), who came straight out of Brooklyn to take the world of rap music by storm.",George Tillman Jr.,"Jamal Woolard, Anthony Mackie, Derek Luke,Momo Dione",2009,122,6.7,33007,36.84,60
916,Goksung,"Drama,Fantasy,Horror",A stranger arrives in a little village and soon after a mysterious sickness starts spreading. A policeman is drawn into the incident and is forced to solve the mystery in order to save his daughter.,Hong-jin Na,"Jun Kunimura, Jung-min Hwang, Do-won Kwak, Woo-hee Chun",2016,156,7.5,17962,0.79,81
917,The Expendables 2,"Action,Adventure,Thriller","Mr. Church reunites the Expendables for what should be an easy paycheck, but when one of their men is murdered on the job, their quest for revenge puts them deep in enemy territory and up against an unexpected threat.",Simon West,"Sylvester Stallone, Liam Hemsworth, Randy Couture,Jean-Claude Van Damme",2012,103,6.6,257395,85.02,51
918,The Girl Next Door,"Crime,Drama,Horror","Based on the Jack Ketchum novel of the same name, The Girl Next Door follows the unspeakable torture and abuses committed on a teenage girl in the care of her aunt...and the boys who witness and fail to report the crime.",Gregory Wilson,"William Atherton, Blythe Auffarth, Blanche Baker,Kevin Chamberlin",2007,91,6.7,19351,,29
919,Perfume: The Story of a Murderer,"Crime,Drama,Fantasy","Jean-Baptiste Grenouille, born with a superior olfactory sense, creates the world's finest perfume. His work, however, takes a dark turn as he searches for the ultimate scent.",Tom Tykwer,"Ben Whishaw, Dustin Hoffman, Alan Rickman,Francesc Albiol",2006,147,7.5,199387,2.21,56
920,The Golden Compass,"Adventure,Family,Fantasy","In a parallel universe, young Lyra Belacqua journeys to the far North to save her best friend and other kidnapped children from terrible experiments by a mysterious organization.",Chris Weitz,"Nicole Kidman, Daniel Craig, Dakota Blue Richards, Ben Walker",2007,113,6.1,155078,70.08,51
921,Centurion,"Action,Adventure,Drama",A splinter group of Roman soldiers fight for their lives behind enemy lines after their legion is decimated in a devastating guerrilla attack.,Neil Marshall,"Michael Fassbender, Dominic West, Olga Kurylenko,Andreas Wisniewski",2010,97,6.4,67801,0.12,62
922,Scouts Guide to the Zombie Apocalypse,"Action,Comedy,Horror","Three scouts, on the eve of their last camp-out, discover the true meaning of friendship when they attempt to save their town from a zombie outbreak.",Christopher Landon,"Tye Sheridan, Logan Miller, Joey Morgan,Sarah Dumont",2015,93,6.3,31651,3.64,32
923,17 Again,"Comedy,Drama,Family",Mike O'Donnell is ungrateful for how his life turned out. He gets a chance to rewrite his life when he tried to save a janitor near a bridge and jumped after him into a time vortex.,Burr Steers,"Zac Efron, Matthew Perry, Leslie Mann, Thomas Lennon",2009,102,6.4,152808,64.15,48
924,No Escape,"Action,Thriller","In their new overseas home, an American family soon finds themselves caught in the middle of a coup, and they frantically look for a safe escape from an environment where foreigners are being immediately executed.",John Erick Dowdle,"Lake Bell, Pierce Brosnan, Owen Wilson,Chatchawai Kamonsakpitak",2015,103,6.8,57921,27.29,38
925,Superman Returns,"Action,Adventure,Sci-Fi","Superman reappears after a long absence, but is challenged by an old foe who uses Kryptonian technology for world domination.",Bryan Singer,"Brandon Routh, Kevin Spacey, Kate Bosworth, James Marsden",2006,154,6.1,246797,200.07,72
926,The Twilight Saga: Breaking Dawn - Part 1,"Adventure,Drama,Fantasy","The Quileutes close in on expecting parents Edward and Bella, whose unborn child poses a threat to the Wolf Pack and the towns people of Forks.",Bill Condon,"Kristen Stewart, Robert Pattinson, Taylor Lautner, Gil Birmingham",2011,117,4.9,190244,281.28,45
927,Precious,Drama,"In New York City's Harlem circa 1987, an overweight, abused, illiterate teen who is pregnant with her second child is invited to enroll in an alternative school in hopes that her life can head in a new direction.",Lee Daniels,"Gabourey Sidibe, Mo'Nique, Paula Patton, Mariah Carey",2009,110,7.3,91623,47.54,79
928,The Sea of Trees,Drama,A suicidal American befriends a Japanese man lost in a forest near Mt. Fuji and the two search for a way out.,Gus Van Sant,"Matthew McConaughey, Naomi Watts, Ken Watanabe,Ryoko Seta",2015,110,5.9,7475,0.02,23
929,Good Kids,Comedy,Four high school students look to redefine themselves after graduation.,Chris McCoy,"Zoey Deutch, Nicholas Braun, Mateo Arias, Israel Broussard",2016,86,6.1,3843,,86
930,The Master,Drama,A Naval veteran arrives home from war unsettled and uncertain of his future - until he is tantalized by The Cause and its charismatic leader.,Paul Thomas Anderson,"Philip Seymour Hoffman, Joaquin Phoenix,Amy Adams, Jesse Plemons",2012,144,7.1,112902,16.38,
931,Footloose,"Comedy,Drama,Music","City teenager Ren MacCormack moves to a small town where rock music and dancing have been banned, and his rebellious spirit shakes up the populace.",Craig Brewer,"Kenny Wormald, Julianne Hough, Dennis Quaid,Andie MacDowell",2011,113,5.9,39380,51.78,58
932,If I Stay,"Drama,Fantasy,Music","Life changes in an instant for young Mia Hall after a car accident puts her in a coma. During an out-of-body experience, she must decide whether to wake up and live a life far different than she had imagined. The choice is hers if she can go on.",R.J. Cutler,"Chlo√´ Grace Moretz, Mireille Enos, Jamie Blackley,Joshua Leonard",2014,107,6.8,92170,50.46,46
933,The Ticket,Drama,A blind man who regains his vision finds himself becoming metaphorically blinded by his obsession for the superficial.,Ido Fluk,"Dan Stevens, Malin Akerman, Oliver Platt, Kerry Bish√©",2016,97,5.4,924,,52
934,Detour,Thriller,"A young law student blindly enters into a pact with a man who offers to kill his stepfather, whom he feels is responsible for the accident that sent his mother into a coma.",Christopher Smith,"Tye Sheridan, Emory Cohen, Bel Powley,Stephen Moyer",2016,97,6.3,2205,,46
935,The Love Witch,"Comedy,Horror",A modern-day witch uses spells and magic to get men to fall in love with her.,Anna Biller,"Samantha Robinson, Jeffrey Vincent Parise, Laura Waddell, Gian Keys",2016,120,6.2,4669,0.22,82
936,Talladega Nights: The Ballad of Ricky Bobby,"Action,Comedy,Sport","#1 NASCAR driver Ricky Bobby stays atop the heap thanks to a pact with his best friend and teammate, Cal Naughton, Jr. But when a French Formula One driver, makes his way up the ladder, Ricky Bobby's talent and devotion are put to the test.",Adam McKay,"Will Ferrell, John C. Reilly, Sacha Baron Cohen, Gary Cole",2006,108,6.6,137502,148.21,66
937,The Human Centipede (First Sequence),Horror,"A mad scientist kidnaps and mutilates a trio of tourists in order to reassemble them into a human centipede, created by stitching their mouths to each others' rectums.",Tom Six,"Dieter Laser, Ashley C. Williams, Ashlynn Yennie, Akihiro Kitamura",2009,92,4.4,60655,0.18,33
938,Super,"Comedy,Drama","After his wife falls under the influence of a drug dealer, an everyday guy transforms himself into Crimson Bolt, a superhero with the best intentions, but lacking in heroic skills.",James Gunn,"Rainn Wilson, Ellen Page, Liv Tyler, Kevin Bacon",2010,96,6.8,64535,0.32,50
939,The Siege of Jadotville,"Action,Drama,Thriller",Irish Commandant Pat Quinlan leads a stand off with troops against French and Belgian Mercenaries in the Congo during the early 1960s.,Richie Smyth,"Jamie Dornan, Mark Strong, Jason O'Mara, Michael McElhatton",2016,108,7.3,14689,,83
940,Up in the Air,"Drama,Romance","Ryan Bingham enjoys living out of a suitcase for his job traveling around the country firing people, but finds that lifestyle threatened by the presence of a potential love interest and a new hire.",Jason Reitman,"George Clooney, Vera Farmiga, Anna Kendrick,Jason Bateman",2009,109,7.4,279694,83.81,
941,The Midnight Meat Train,"Horror,Mystery","A photographer's obsessive pursuit of dark subject matter leads him into the path of a serial killer who stalks late night commuters, ultimately butchering them in the most gruesome ways imaginable.",Ry√ªhei Kitamura,"Vinnie Jones, Bradley Cooper, Leslie Bibb, Brooke Shields",2008,98,6.1,50255,0.07,58
942,The Twilight Saga: Eclipse,"Adventure,Drama,Fantasy","As a string of mysterious killings grips Seattle, Bella, whose high school graduation is fast approaching, is forced to choose between her love for vampire Edward and her friendship with werewolf Jacob.",David Slade,"Kristen Stewart, Robert Pattinson, Taylor Lautner,Xavier Samuel",2010,124,4.9,192740,300.52,58
943,Transpecos,Thriller,"For three Border Patrol agents working a remote desert checkpoint, the contents of one car will reveal an insidious plot within their own ranks. The next 24 hours will take them on a treacherous journey that could cost them their lives.",Greg Kwedar,"Johnny Simmons, Gabriel Luna, Clifton Collins Jr.,David Acord",2016,86,5.8,1292,,73
944,What's Your Number?,"Comedy,Romance",A woman looks back at the past nineteen men she's had relationships with in her life and wonders if one of them might be her one true love.,Mark Mylod,"Anna Faris, Chris Evans, Ari Graynor, Blythe Danner",2011,106,6.1,62095,13.99,35
945,Riddick,"Action,Sci-Fi,Thriller","Left for dead on a sun-scorched planet, Riddick finds himself up against an alien race of predators. Activating an emergency beacon alerts two ships: one carrying a new breed of mercenary, the other captained by a man from Riddick's past.",David Twohy,"Vin Diesel, Karl Urban, Katee Sackhoff, Jordi Moll√†",2013,119,6.4,132098,42,49
946,Triangle,"Fantasy,Mystery,Thriller","The story revolves around the passengers of a yachting trip in the Atlantic Ocean who, when struck by mysterious weather conditions, jump to another ship only to experience greater havoc on the open seas.",Christopher Smith,"Melissa George, Joshua McIvor, Jack Taylor,Michael Dorman",2009,99,6.9,72533,,66
947,The Butler,"Biography,Drama","As Cecil Gaines serves eight presidents during his tenure as a butler at the White House, the civil rights movement, Vietnam, and other major events affect this man's life, family, and American society.",Lee Daniels,"Forest Whitaker, Oprah Winfrey, John Cusack, Jane Fonda",2013,132,7.2,93322,116.63,
948,King Cobra,"Crime,Drama","This ripped-from-the-headlines drama covers the early rise of gay porn headliner Sean Paul Lockhart a.k.a. Brent Corrigan, before his falling out with the producer who made him famous. When... See full summary ¬ª",Justin Kelly,"Garrett Clayton, Christian Slater, Molly Ringwald,James Kelley",2016,91,5.6,3990,0.03,48
949,After Earth,"Action,Adventure,Sci-Fi","A crash landing leaves Kitai Raige and his father Cypher stranded on Earth, a millennium after events forced humanity's escape. With Cypher injured, Kitai must embark on a perilous journey to signal for help.",M. Night Shyamalan,"Jaden Smith, David Denman, Will Smith,Sophie Okonedo",2013,100,4.9,166512,60.52,33
950,Kicks,Adventure,"Brandon is a 15 year old whose dream is a pair of fresh Air Jordans. Soon after he gets his hands on them, they're stolen by a local hood, causing Brandon and his two friends to go on a dangerous mission through Oakland to retrieve them.",Justin Tipping,"Jahking Guillory, Christopher Jordan Wallace,Christopher Meyer, Kofi Siriboe",2016,80,6.1,2417,0.15,69
951,Me and Earl and the Dying Girl,"Comedy,Drama","High schooler Greg, who spends most of his time making parodies of classic movies with his co-worker Earl, finds his outlook forever altered after befriending a classmate who has just been diagnosed with cancer.",Alfonso Gomez-Rejon,"Thomas Mann, RJ Cyler, Olivia Cooke, Nick Offerman",2015,105,7.8,92076,6.74,74
952,The Descendants,"Comedy,Drama",A land baron tries to reconnect with his two daughters after his wife is seriously injured in a boating accident.,Alexander Payne,"George Clooney, Shailene Woodley, Amara Miller, Nick Krause",2011,115,7.3,211348,82.62,84
953,Sex and the City 2,"Comedy,Drama,Romance","While wrestling with the pressures of life, love, and work in Manhattan, Carrie, Miranda, and Charlotte join Samantha for a trip to Abu Dhabi (United Arab Emirates), where Samantha's ex is filming a new movie.",Michael Patrick King,"Sarah Jessica Parker, Kim Cattrall, Kristin Davis, Cynthia Nixon",2010,146,4.3,62403,95.33,27
954,The Kings of Summer,"Adventure,Comedy,Drama","Three teenage friends, in the ultimate act of independence, decide to spend their summer building a house in the woods and living off the land.",Jordan Vogt-Roberts,"Nick Robinson, Gabriel Basso, Moises Arias,Nick Offerman",2013,95,7.2,65653,1.29,61
955,Death Race,"Action,Sci-Fi,Thriller",Ex-con Jensen Ames is forced by the warden of a notorious prison to compete in our post-industrial world's most popular sport: a car race in which inmates must brutalize and kill one another on the road to victory.,Paul W.S. Anderson,"Jason Statham, Joan Allen, Tyrese Gibson, Ian McShane",2008,105,6.4,173731,36.06,43
956,That Awkward Moment,"Comedy,Romance","Three best friends find themselves where we've all been - at that confusing moment in every dating relationship when you have to decide ""So...where is this going?""",Tom Gormican,"Zac Efron, Michael B. Jordan, Miles Teller, Imogen Poots",2014,94,6.2,81823,26.05,36
957,Legion,"Action,Fantasy,Horror","When a group of strangers at a dusty roadside diner come under attack by demonic forces, their only chance for survival lies with an archangel named Michael, who informs a pregnant waitress that her unborn child is humanity's last hope.",Scott Stewart,"Paul Bettany, Dennis Quaid, Charles S. Dutton, Lucas Black",2010,100,5.2,84158,40.17,32
958,End of Watch,"Crime,Drama,Thriller","Shot documentary-style, this film follows the daily grind of two young police officers in LA who are partners and friends, and what happens when they meet criminal forces greater than themselves.",David Ayer,"Jake Gyllenhaal, Michael Pe√±a, Anna Kendrick, America Ferrera",2012,109,7.7,192190,40.98,68
959,3 Days to Kill,"Action,Drama,Thriller",A dying CIA agent trying to reconnect with his estranged daughter is offered an experimental drug that could save his life in exchange for one last assignment.,McG,"Kevin Costner, Hailee Steinfeld, Connie Nielsen, Amber Heard",2014,117,6.2,73567,30.69,40
960,Lucky Number Slevin,"Crime,Drama,Mystery",A case of mistaken identity lands Slevin into the middle of a war being plotted by two of the city's most rival crime bosses: The Rabbi and The Boss. Slevin is under constant surveillance by relentless Detective Brikowski as well as the infamous assassin Goodkat and finds himself having to hatch his own ingenious plot to get them before they get him.,Paul McGuigan,"Josh Hartnett, Ben Kingsley, Morgan Freeman, Lucy Liu",2006,110,7.8,271940,22.49,53
961,Trance,"Crime,Drama,Mystery",An art auctioneer who has become mixed up with a group of criminals partners with a hypnotherapist in order to recover a lost painting.,Danny Boyle,"James McAvoy, Rosario Dawson, Vincent Cassel,Danny Sapani",2013,101,7,97141,2.32,61
962,Into the Forest,"Drama,Sci-Fi,Thriller","After a massive power outage, two sisters learn to survive on their own in their isolated woodland home.",Patricia Rozema,"Ellen Page, Evan Rachel Wood, Max Minghella,Callum Keith Rennie",2015,101,5.9,10220,0.01,59
963,The Other Boleyn Girl,"Biography,Drama,History",Two sisters contend for the affection of King Henry VIII.,Justin Chadwick,"Natalie Portman, Scarlett Johansson, Eric Bana,Jim Sturgess",2008,115,6.7,88260,26.81,50
964,I Spit on Your Grave,"Crime,Horror,Thriller","A writer who is brutalized during her cabin retreat seeks revenge on her attackers, who left her for dead.",Steven R. Monroe,"Sarah Butler, Jeff Branson, Andrew Howard,Daniel Franzese",2010,108,6.3,60133,0.09,27
965,Custody,Drama,The lives of three women are unexpectedly changed when they cross paths at a New York Family Court.,James Lapine,"Viola Davis, Hayden Panettiere, Catalina Sandino Moreno, Ellen Burstyn",2016,104,6.9,280,,72
966,Inland Empire,"Drama,Mystery,Thriller","As an actress starts to adopt the persona of her character in a film, her world starts to become nightmarish and surreal.",David Lynch,"Laura Dern, Jeremy Irons, Justin Theroux, Karolina Gruszka",2006,180,7,44227,,
967,L'odyss√©e,"Adventure,Biography","Highly influential and a fearlessly ambitious pioneer, innovator, filmmaker, researcher and conservationist, Jacques-Yves Cousteau's aquatic adventure covers roughly thirty years of an inarguably rich in achievements life.",J√©r√¥me Salle,"Lambert Wilson, Pierre Niney, Audrey Tautou,Laurent Lucas",2016,122,6.7,1810,,70
968,The Walk,"Adventure,Biography,Crime","In 1974, high-wire artist Philippe Petit recruits a team of people to help him realize his dream: to walk the immense void between the World Trade Center towers.",Robert Zemeckis,"Joseph Gordon-Levitt, Charlotte Le Bon,Guillaume Baillargeon, √âmilie Leclerc",2015,123,7.3,92378,10.14,
969,Wrecker,"Action,Horror,Thriller","Best friends Emily and Lesley go on a road trip to the desert. When Emily decides to get off the highway and take a ""short cut,"" they become the target of a relentless and psychotic trucker... See full summary ¬ª",Micheal Bafaro,"Anna Hutchison, Andrea Whitburn, Jennifer Koenig,Michael Dickson",2015,83,3.5,1210,,37
970,The Lone Ranger,"Action,Adventure,Western","Native American warrior Tonto recounts the untold tales that transformed John Reid, a man of the law, into a legend of justice.",Gore Verbinski,"Johnny Depp, Armie Hammer, William Fichtner,Tom Wilkinson",2013,150,6.5,190855,89.29,
971,Texas Chainsaw 3D,"Horror,Thriller",A young woman travels to Texas to collect an inheritance; little does she know that an encounter with a chainsaw-wielding killer is part of the reward.,John Luessenhop,"Alexandra Daddario, Tania Raymonde, Scott Eastwood, Trey Songz",2013,92,4.8,37060,34.33,62
972,Disturbia,"Drama,Mystery,Thriller",A teen living under house arrest becomes convinced his neighbor is a serial killer.,D.J. Caruso,"Shia LaBeouf, David Morse, Carrie-Anne Moss, Sarah Roemer",2007,105,6.9,193491,80.05,
973,Rock of Ages,"Comedy,Drama,Musical","A small town girl and a city boy meet on the Sunset Strip, while pursuing their Hollywood dreams.",Adam Shankman,"Julianne Hough, Diego Boneta, Tom Cruise, Alec Baldwin",2012,123,5.9,64513,38.51,47
974,Scream 4,"Horror,Mystery","Ten years have passed, and Sidney Prescott, who has put herself back together thanks in part to her writing, is visited by the Ghostface Killer.",Wes Craven,"Neve Campbell, Courteney Cox, David Arquette, Lucy Hale",2011,111,6.2,108544,38.18,52
975,Queen of Katwe,"Biography,Drama,Sport",A Ugandan girl sees her world rapidly change after being introduced to the game of chess.,Mira Nair,"Madina Nalwanga, David Oyelowo, Lupita Nyong'o, Martin Kabanza",2016,124,7.4,6753,8.81,73
976,My Big Fat Greek Wedding 2,"Comedy,Family,Romance",A Portokalos family secret brings the beloved characters back together for an even bigger and Greeker wedding.,Kirk Jones,"Nia Vardalos, John Corbett, Michael Constantine, Lainie Kazan",2016,94,6,20966,59.57,37
977,Dark Places,"Drama,Mystery,Thriller","Libby Day was only eight years old when her family was brutally murdered in their rural Kansas farmhouse. Almost thirty years later, she reluctantly agrees to revisit the crime and uncovers the wrenching truths that led up to that tragic night.",Gilles Paquet-Brenner,"Charlize Theron, Nicholas Hoult, Christina Hendricks, Chlo√´ Grace Moretz",2015,113,6.2,31634,,39
978,Amateur Night,Comedy,"Guy Carter is an award-winning graduate student of architecture. He's got a beautiful wife and a baby on the way. The problem? He doesn't have ""his ducks in a row,"" which only fuels his ... See full summary ¬ª",Lisa Addario,"Jason Biggs, Janet Montgomery,Ashley Tisdale, Bria L. Murphy",2016,92,5,2229,,38
979,It's Only the End of the World,Drama,"Louis (Gaspard Ulliel), a terminally ill writer, returns home after a long absence to tell his family that he is dying.",Xavier Dolan,"Nathalie Baye, Vincent Cassel, Marion Cotillard, L√©a Seydoux",2016,97,7,10658,,48
980,The Skin I Live In,"Drama,Thriller","A brilliant plastic surgeon, haunted by past tragedies, creates a type of synthetic skin that withstands any kind of damage. His guinea pig: a mysterious and volatile woman who holds the key to his obsession.",Pedro Almod√≥var,"Antonio Banderas, Elena Anaya, Jan Cornet,Marisa Paredes",2011,120,7.6,108772,3.19,70
981,Miracles from Heaven,"Biography,Drama,Family",A young girl suffering from a rare digestive disorder finds herself miraculously cured after surviving a terrible accident.,Patricia Riggen,"Jennifer Garner, Kylie Rogers, Martin Henderson,Brighton Sharbino",2016,109,7,12048,61.69,44
982,Annie,"Comedy,Drama,Family","A foster kid, who lives with her mean foster mom, sees her life change when business tycoon and New York mayoral candidate Will Stacks makes a thinly-veiled campaign move and takes her in.",Will Gluck,"Quvenzhan√© Wallis, Cameron Diaz, Jamie Foxx, Rose Byrne",2014,118,5.3,27312,85.91,33
983,Across the Universe,"Drama,Fantasy,Musical",The music of the Beatles and the Vietnam War form the backdrop for the romance between an upper-class American girl and a poor Liverpudlian artist.,Julie Taymor,"Evan Rachel Wood, Jim Sturgess, Joe Anderson, Dana Fuchs",2007,133,7.4,95172,24.34,56
984,Let's Be Cops,Comedy,"Two struggling pals dress as police officers for a costume party and become neighborhood sensations. But when these newly-minted ""heroes"" get tangled in a real life web of mobsters and dirty detectives, they must put their fake badges on the line.",Luke Greenfield,"Jake Johnson, Damon Wayans Jr., Rob Riggle, Nina Dobrev",2014,104,6.5,112729,82.39,30
985,Max,"Adventure,Family",A Malinois dog that helped American Marines in Afghanistan returns to the United States and is adopted by his handler's family after suffering a traumatic experience.,Boaz Yakin,"Thomas Haden Church, Josh Wiggins, Luke Kleintank,Lauren Graham",2015,111,6.8,21405,42.65,47
986,Your Highness,"Adventure,Comedy,Fantasy","When Prince Fabious's bride is kidnapped, he goes on a quest to rescue her... accompanied by his lazy useless brother Thadeous.",David Gordon Green,"Danny McBride, Natalie Portman, James Franco, Rasmus Hardiker",2011,102,5.6,87904,21.56,31
987,Final Destination 5,"Horror,Thriller",Survivors of a suspension-bridge collapse learn there's no way you can cheat Death.,Steven Quale,"Nicholas D'Agosto, Emma Bell, Arlen Escarpeta, Miles Fisher",2011,92,5.9,88000,42.58,50
988,Endless Love,"Drama,Romance",The story of a privileged girl and a charismatic boy whose instant desire sparks a love affair made only more reckless by parents trying to keep them apart.,Shana Feste,"Gabriella Wilde, Alex Pettyfer, Bruce Greenwood,Robert Patrick",2014,104,6.3,33688,23.39,30
989,Martyrs,Horror,"A young woman's quest for revenge against the people who kidnapped and tormented her as a child leads her and a friend, who is also a victim of child abuse, on a terrifying journey into a living hell of depravity.",Pascal Laugier,"Morjana Alaoui, Myl√®ne Jampano√Ø, Catherine B√©gin,Robert Toupin",2008,99,7.1,63785,,89
990,Selma,"Biography,Drama,History","A chronicle of Martin Luther King's campaign to secure equal voting rights via an epic march from Selma to Montgomery, Alabama in 1965.",Ava DuVernay,"David Oyelowo, Carmen Ejogo, Tim Roth, Lorraine Toussaint",2014,128,7.5,67637,52.07,
991,Underworld: Rise of the Lycans,"Action,Adventure,Fantasy","An origins story centered on the centuries-old feud between the race of aristocratic vampires and their onetime slaves, the Lycans.",Patrick Tatopoulos,"Rhona Mitra, Michael Sheen, Bill Nighy, Steven Mackintosh",2009,92,,129708,45.8,44
992,Taare Zameen Par,"Drama,Family,Music","An eight-year-old boy is thought to be a lazy trouble-maker, until the new art teacher has the patience and compassion to discover the real problem behind his struggles in school.",Aamir Khan,"Darsheel Safary, Aamir Khan, Tanay Chheda, Sachet Engineer",2007,165,8.5,102697,1.2,42
993,Take Me Home Tonight,"Comedy,Drama,Romance","Four years after graduation, an awkward high school genius uses his sister's boyfriend's Labor Day party as the perfect opportunity to make his move on his high school crush.",Michael Dowse,"Topher Grace, Anna Faris, Dan Fogler, Teresa Palmer",2011,97,6.3,45419,6.92,
994,Resident Evil: Afterlife,"Action,Adventure,Horror","While still out to destroy the evil Umbrella Corporation, Alice joins a group of survivors living in a prison surrounded by the infected who also want to relocate to the mysterious but supposedly unharmed safe haven known only as Arcadia.",Paul W.S. Anderson,"Milla Jovovich, Ali Larter, Wentworth Miller,Kim Coates",2010,97,5.9,140900,60.13,37
995,Project X,Comedy,"3 high school seniors throw a birthday party to make a name for themselves. As the night progresses, things spiral out of control as word of the party spreads.",Nima Nourizadeh,"Thomas Mann, Oliver Cooper, Jonathan Daniel Brown, Dax Flame",2012,88,6.7,164088,54.72,48
996,Secret in Their Eyes,"Crime,Drama,Mystery","A tight-knit team of rising investigators, along with their supervisor, is suddenly torn apart when they discover that one of their own teenage daughters has been brutally murdered.",Billy Ray,"Chiwetel Ejiofor, Nicole Kidman, Julia Roberts, Dean Norris",2015,111,6.2,27585,,45
997,Hostel: Part II,Horror,"Three American college students studying abroad are lured to a Slovakian hostel, and discover the grim reality behind it.",Eli Roth,"Lauren German, Heather Matarazzo, Bijou Phillips, Roger Bart",2007,94,5.5,73152,17.54,46
998,Step Up 2: The Streets,"Drama,Music,Romance",Romantic sparks occur between two dance students from different backgrounds at the Maryland School of the Arts.,Jon M. Chu,"Robert Hoffman, Briana Evigan, Cassie Ventura, Adam G. Sevani",2008,98,6.2,70699,58.01,50
999,Search Party,"Adventure,Comedy",A pair of friends embark on a mission to reunite their pal with the woman he was going to marry.,Scot Armstrong,"Adam Pally, T.J. Miller, Thomas Middleditch,Shannon Woodward",2014,93,5.6,4881,,22
1000,Nine Lives,"Comedy,Family,Fantasy",A stuffy businessman finds himself trapped inside the body of his family's cat.,Barry Sonnenfeld,"Kevin Spacey, Jennifer Garner, Robbie Amell,Cheryl Hines",2016,87,5.3,12435,19.64,11